{
  "places": [
    {
      "lat": "35.54402",
      "lon": "139.44535",
      "popup": "Pallet Town Inspiration",
      "status": "kanto"
    },
    {
      "lat": "34.67455",
      "lon": "138.94332",
      "popup": "Pallet Town",
      "status": "kanto"
    },
    {
      "lat": "35.249",
      "lon": "139.043",
      "popup": "Viridian City",
      "status": "kanto"
    },
    {
      "lat": "36.3841",
      "lon": "139.0652",
      "popup": "Pewter City",
      "status": "kanto"
    },
    {
      "lat": "35.8583",
      "lon": "139.0651",
      "popup": "Viridian Forest",
      "status": "kanto"
    },
    {
      "lat": "36.5546",
      "lon": "139.1785",
      "popup": "Mt Moon",
      "status": "kanto"
    },
    {
      "lat": "36.5579",
      "lon": "139.899",
      "popup": "Cerulean City",
      "status": "kanto"
    },
    {
      "lat": "36.633333",
      "lon": "139.439722",
      "popup": "Cerulean Cave",
      "status": "kanto"
    },
    {
      "lat": "36.8036",
      "lon": "140.7493",
      "popup": "Bill's Cottage",
      "status": "kanto"
    },
    {
      "lat": "36.22537",
      "lon": "140.10681",
      "popup": "Rock Tunnel",
      "status": "kanto"
    },
    {
      "lat": "35.4672",
      "lon": "139.625",
      "popup": "Vermillion City",
      "status": "kanto"
    },
    {
      "lat": "36.4679",
      "lon": "140.6083",
      "popup": "Kanto Power Plant",
      "status": "kanto"
    },
    {
      "lat": "35.97531",
      "lon": "140.14122",
      "popup": "Lavender Town",
      "status": "kanto"
    },
    {
      "lat": "35.643",
      "lon": "139.6491",
      "popup": "Celadon City",
      "status": "kanto"
    },
    {
      "lat": "35.69382",
      "lon": "139.7",
      "popup": "Saffron City",
      "status": "kanto"
    },
    {
      "lat": "35.29099",
      "lon": "139.85599",
      "popup": "Fuchsia City",
      "status": "kanto"
    },
    {
      "lat": "35.1782",
      "lon": "139.9883",
      "popup": "Kanto Safari Zone",
      "status": "kanto"
    },
    {
      "lat": "35.4913",
      "lon": "139.8337",
      "popup": "Kanto Cycling Road",
      "status": "kanto"
    },
    {
      "lat": "34.7385",
      "lon": "139.3993",
      "popup": "Cinnabar Island",
      "status": "kanto"
    },
    {
      "lat": "35.9",
      "lon": "138.716667",
      "popup": "Indigo Plateau",
      "status": "kanto"
    },
    {
      "lat": "35.3628",
      "lon": "138.73078",
      "popup": "Mount Silver",
      "status": "johto"
    },
    {
      "lat": "34.9892",
      "lon": "138.4235",
      "popup": "New Bark Town",
      "status": "johto"
    },
    {
      "lat": "34.70971",
      "lon": "136.93426",
      "popup": "Cherrygroove City",
      "status": "johto"
    },
    {
      "lat": "34.68102",
      "lon": "135.81885",
      "popup": "Violet City",
      "status": "johto"
    },
    {
      "lat": "33.76771",
      "lon": "135.32448",
      "popup": "Azalea Town",
      "status": "johto"
    },
    {
      "lat": "33.75535",
      "lon": "135.84283",
      "popup": "Ilex Forest",
      "status": "johto"
    },
    {
      "lat": "34.733",
      "lon": "135.5019",
      "popup": "Goldenrod City",
      "status": "johto"
    },
    {
      "lat": "34.985",
      "lon": "135.7584",
      "popup": "Ecruteak City",
      "status": "johto"
    },
    {
      "lat": "34.6943",
      "lon": "135.1957",
      "popup": "Olivine City",
      "status": "johto"
    },
    {
      "lat": "34.3986",
      "lon": "134.8389",
      "popup": "Whirl Islands",
      "status": "johto"
    },
    {
      "lat": "34.148",
      "lon": "134.5787",
      "popup": "Cianwood City",
      "status": "johto"
    },
    {
      "lat": "35.065",
      "lon": "135.8338",
      "popup": "Mt Mortar",
      "status": "johto"
    },
    {
      "lat": "34.96998",
      "lon": "136.17159",
      "popup": "Mahogany Town",
      "status": "johto"
    },
    {
      "lat": "35.2202",
      "lon": "136.0137",
      "popup": "Lake of Rage",
      "status": "johto"
    },
    {
      "lat": "35.40976",
      "lon": "136.75635",
      "popup": "Blackthorn City",
      "status": "johto"
    },
    {
      "lat": "36.5735",
      "lon": "137.6193",
      "popup": "Sinjoh Ruins",
      "status": "sinnoh"
    },
    {
      "lat": "33.17215",
      "lon": "129.72208",
      "popup": "Littleroot Town",
      "status": "hoenn"
    },
    {
      "lat": "33.2637",
      "lon": "130.296",
      "popup": "Oldale Town",
      "status": "hoenn"
    },
    {
      "lat": "33.389",
      "lon": "130.3898",
      "popup": "Trackless Forest",
      "status": "hoenn"
    },
    {
      "lat": "33.4464",
      "lon": "129.9672",
      "popup": "Petalburg City",
      "status": "hoenn"
    },
    {
      "lat": "33.8889",
      "lon": "130.872",
      "popup": "Rustboro City",
      "status": "hoenn"
    },
    {
      "lat": "34.2035",
      "lon": "129.2891",
      "popup": "Dewford Town",
      "status": "hoenn"
    },
    {
      "lat": "32.7537",
      "lon": "129.8688",
      "popup": "Slateport City",
      "status": "hoenn"
    },
    {
      "lat": "32.79497",
      "lon": "130.72659",
      "popup": "Mauville City",
      "status": "hoenn"
    },
    {
      "lat": "32.9814",
      "lon": "130.8097",
      "popup": "Verdanturf City",
      "status": "hoenn"
    },
    {
      "lat": "32.88481",
      "lon": "131.08556",
      "popup": "Mt Chimney",
      "status": "hoenn"
    },
    {
      "lat": "32.9705",
      "lon": "131.3929",
      "popup": "Lavaridge Town",
      "status": "hoenn"
    },
    {
      "lat": "33.2334",
      "lon": "131.6041",
      "popup": "Fallarbor Town",
      "status": "hoenn"
    },
    {
      "lat": "32.4255",
      "lon": "131.6272",
      "popup": "Fortree City",
      "status": "hoenn"
    },
    {
      "lat": "31.58048",
      "lon": "130.65782",
      "popup": "Mt Pyre",
      "status": "hoenn"
    },
    {
      "lat": "31.3788",
      "lon": "130.8562",
      "popup": "Lilycove City",
      "status": "hoenn"
    },
    {
      "lat": "30.5338",
      "lon": "130.9565",
      "popup": "Mossdeep City",
      "status": "hoenn"
    },
    {
      "lat": "30.3406",
      "lon": "130.5198",
      "popup": "Sootopolis City",
      "status": "hoenn"
    },
    {
      "lat": "26.2118",
      "lon": "127.6778",
      "popup": "Ever Grande City",
      "status": "hoenn"
    },
    {
      "lat": "25.00907",
      "lon": "125.28892",
      "popup": "Mirage Island",
      "status": "hoenn"
    },
    {
      "lat": "31.75328",
      "lon": "129.78424",
      "popup": "Pacifidlog Town",
      "status": "hoenn"
    },
    {
      "lat": "42.3488",
      "lon": "141.0251",
      "popup": "Twinleaf Town",
      "status": "sinnoh"
    },
    {
      "lat": "42.6018",
      "lon": "140.8522",
      "popup": "Lake Verity",
      "status": "sinnoh"
    },
    {
      "lat": "42.6392",
      "lon": "141.5960",
      "popup": "Sandgem Town",
      "status": "sinnoh"
    },
    {
      "lat": "43.0669",
      "lon": "141.3511",
      "popup": "Jubilife City",
      "status": "sinnoh"
    },
    {
      "lat": "43.05637",
      "lon": "141.97451",
      "popup": "Oreburgh City",
      "status": "sinnoh"
    },
    {
      "lat": "43.22225",
      "lon": "141.51439",
      "popup": "Floaroma Town",
      "status": "sinnoh"
    },
    {
      "lat": "44.3062",
      "lon": "141.6533",
      "popup": "Valley Windworks",
      "status": "sinnoh"
    },
    {
      "lat": "43.7630",
      "lon": "142.3581",
      "popup": "Eterna City",
      "status": "sinnoh"
    },
    {
      "lat": "43.66350",
      "lon": "142.85411",
      "popup": "Mount Coronet",
      "status": "sinnoh"
    },
    {
      "lat": "42.9271",
      "lon": "143.1649",
      "popup": "Hearthome City",
      "status": "sinnoh"
    },
    {
      "lat": "43.2400",
      "lon": "143.5500",
      "popup": "Solaceon Town",
      "status": "sinnoh"
    },
    {
      "lat": "44.0159",
      "lon": "144.2712",
      "popup": "Veilstone City",
      "status": "sinnoh"
    },
    {
      "lat": "44.1497",
      "lon": "143.5688",
      "popup": "Celestic Town",
      "status": "sinnoh"
    },
    {
      "lat": "43.6290",
      "lon": "144.3013",
      "popup": "Lake Valor",
      "status": "sinnoh"
    },
    {
      "lat": "42.9908",
      "lon": "144.3817",
      "popup": "Pastoria City",
      "status": "sinnoh"
    },
    {
      "lat": "43.0999",
      "lon": "144.4469",
      "popup": "Great Marsh",
      "status": "sinnoh"
    },
    {
      "lat": "43.1873",
      "lon": "141.0039",
      "popup": "Canalave City",
      "status": "sinnoh"
    },
    {
      "lat": "45.4145",
      "lon": "141.6763",
      "popup": "Snowpoint City",
      "status": "sinnoh"
    },
    {
      "lat": "45.1345",
      "lon": "142.3245",
      "popup": "Lake Acuity",
      "status": "sinnoh"
    },
    {
      "lat": "43.3266",
      "lon": "145.5814",
      "popup": "Sunyshore City",
      "status": "sinnoh"
    },
    {
      "lat": "43.97917",
      "lon": "145.73252",
      "popup": "Sinnoh Pok\u00e9mon League",
      "status": "sinnoh"
    },
    {
      "lat": "47.00539",
      "lon": "142.84030",
      "popup": "Stark Mountain",
      "status": "sinnoh"
    },
    {
      "lat": "46.3646",
      "lon": "143.3672",
      "popup": "Resort Area",
      "status": "sinnoh"
    },
    {
      "lat": "40.5768",
      "lon": "-74.0009",
      "popup": "Nuvema Town",
      "status": "unova"
    },
    {
      "lat": "40.60570",
      "lon": "-73.93495",
      "popup": "Accumula Town",
      "status": "unova"
    },
    {
      "lat": "40.64354",
      "lon": "-73.90008",
      "popup": "Striaton City",
      "status": "unova"
    },
    {
      "lat": "40.68568",
      "lon": "-73.98763",
      "popup": "Nacrene City",
      "status": "unova"
    },
    {
      "lat": "40.69791",
      "lon": "-73.99060",
      "popup": "Pinwheel Forest",
      "status": "unova"
    },
    {
      "lat": "40.70405",
      "lon": "-74.01172",
      "popup": "Castelia City",
      "status": "unova"
    },
    {
      "lat": "40.75681",
      "lon": "-73.98628",
      "popup": "Nimbasa City",
      "status": "unova"
    },
    {
      "lat": "40.7384",
      "lon": "-74.0576",
      "popup": "Driftveil City",
      "status": "unova"
    },
    {
      "lat": "40.9720",
      "lon": "-74.0589",
      "popup": "Mistralton City",
      "status": "unova"
    },
    {
      "lat": "40.8335",
      "lon": "-74.0070",
      "popup": "Icirrus City",
      "status": "unova"
    },
    {
      "lat": "40.8109",
      "lon": "-73.9520",
      "popup": "Opelucid City",
      "status": "unova"
    },
    {
      "lat": "40.86373",
      "lon": "-73.69996",
      "popup": "Unova Pok\u00e9mon League",
      "status": "unova"
    },
    {
      "lat": "40.76512",
      "lon": "-73.82070",
      "popup": "Lacunosa Town",
      "status": "unova"
    },
    {
      "lat": "40.70160",
      "lon": "-73.80600",
      "popup": "Undella Town",
      "status": "unova"
    },
    {
      "lat": "40.74334",
      "lon": "-73.95232",
      "popup": "Black City",
      "status": "unova"
    },
    {
      "lat": "40.75492",
      "lon": "-73.94443",
      "popup": "White Forest",
      "status": "unova"
    },
    {
      "lat": "40.79700",
      "lon": "-74.48085",
      "popup": "Anville Town",
      "status": "unova"
    },
    {
      "lat": "40.6666",
      "lon": "-74.2131",
      "popup": "Aspertia City",
      "status": "unova"
    },
    {
      "lat": "40.7170",
      "lon": "-74.0430",
      "popup": "Virbank City",
      "status": "unova"
    },
    {
      "lat": "40.71981",
      "lon": "-73.84488",
      "popup": "Lentimas Town",
      "status": "unova"
    },
    {
      "lat": "40.6476",
      "lon": "-73.1434",
      "popup": "Humilau City",
      "status": "unova"
    },
    {
      "lat": 46.56678,
      "lon": 3.33192,
      "popup": "Vaniville Town",
      "status": "kalos"
    },
    {
      "lat": 46.99032,
      "lon": 3.15516,
      "popup": "Aquacorde Town",
      "status": "kalos"
    },
    {
      "lat": 48.40129,
      "lon": 2.70395,
      "popup": "Santalune City",
      "status": "kalos"
    },
    {
      "lat": 48.85825,
      "lon": 2.29448,
      "popup": "Lumiose City",
      "status": "kalos"
    },
    {
      "lat": 47.585514,
      "lon": 1.327634,
      "popup": "Camphrier Town",
      "status": "kalos"
    },
    {
      "lat": 48.80477,
      "lon": 2.12046,
      "popup": "Parfum Palace",
      "status": "kalos"
    },
    {
      "lat": 46.15721,
      "lon": -1.15922,
      "popup": "Ambrette Town",
      "status": "kalos"
    },
    {
      "lat": 47.27227,
      "lon": -2.22377,
      "popup": "Cyllage City",
      "status": "kalos"
    },
    {
      "lat": 47.58337,
      "lon": -3.07886,
      "popup": "Geosenge Town",
      "status": "kalos"
    },
    {
      "lat": 48.65137,
      "lon": -2.03043,
      "popup": "Shalour City",
      "status": "kalos"
    },
    {
      "lat": 49.492821,
      "lon": 0.107809,
      "popup": "Coumarine City",
      "status": "kalos"
    },
    {
      "lat": 49.899168,
      "lon": 2.273499,
      "popup": "Laverre City",
      "status": "kalos"
    },
    {
      "lat": 49.158846,
      "lon": 4.146623,
      "popup": "Dendemille Town",
      "status": "kalos"
    },
    {
      "lat": 48.58182,
      "lon": 7.75099,
      "popup": "Anistar City",
      "status": "kalos"
    },
    {
      "lat": 48.120998,
      "lon": 6.678899,
      "popup": "Couriway Town",
      "status": "kalos"
    },
    {
      "lat": 47.233710,
      "lon": 6.030255,
      "popup": "Snowbelle City",
      "status": "kalos"
    },
    {
      "lat": 45.757703,
      "lon": 4.832284,
      "popup": "Kiloude City",
      "status": "kalos"
    },
    {
      "lat": 47.3214745,
      "lon": 5.0346167,
      "popup": "Kalos Pokémon League",
      "status": "kalos"
    }
  ],
  "pins": {
    "default": {
      "icon": "city",
      "markerColor": "white",
      "iconColor": "black",
      "prefix": "fa"
    },
    "kanto": {
      "icon": "palette",
      "markerColor": "red",
      "iconColor": "white",
      "prefix": "fa"
    },
    "johto": {
      "icon": "star",
      "markerColor": "orange",
      "iconColor": "black",
      "prefix": "fa"
    },
    "hoenn": {
      "icon": "tint",
      "markerColor": "green",
      "iconColor": "white",
      "prefix": "fa"
    },
    "sinnoh": {
      "icon": "gem",
      "markerColor": "white",
      "iconColor": "black",
      "prefix": "fa"
    },
    "unova": {
      "icon": "palette",
      "markerColor": "black",
      "iconColor": "white",
      "prefix": "fa"
    },
    "kalos": {
      "icon": "times",
      "markerColor": "pink",
      "iconColor": "white",
      "prefix": "fa"
    }
  },
  "lat": 36.448,
  "lon": 139.713,
  "zoom": 7
}
